{
  "grid": {
    "label": "3x3 Grid",
    "nodes": 9,
    "times": [
      0.0,
      0.75,
      1.5,
      2.25,
      3.0
    ],
    "probabilities": [
      [
        1.0,
        0.0,
        0.0,
        0.0,
        0.0,
        0.0,
        0.0,
        0.0,
        0.0
      ],
      [
        0.330369,
        0.207964,
        0.036444,
        0.207964,
        0.130911,
        0.022941,
        0.036444,
        0.022941,
        0.00402
      ],
      [
        0.050197,
        0.060283,
        0.113567,
        0.060283,
        0.072396,
        0.136386,
        0.113567,
        0.136386,
        0.256934
      ],
      [
        0.059335,
        0.005792,
        0.178461,
        0.005792,
        0.000565,
        0.017419,
        0.178461,
        0.017419,
        0.536755
      ],
      [
        0.013849,
        0.049979,
        0.053854,
        0.049979,
        0.180366,
        0.19435,
        0.053854,
        0.19435,
        0.209417
      ]
    ],
    "parameters": {
      "rows": 3,
      "cols": 3
    },
    "description": "Uniform lattice illustrating symmetric spread from a corner node."
  },
  "rgg": {
    "label": "Random Geometric (n=8, r=0.55)",
    "nodes": 8,
    "times": [
      0.0,
      0.75,
      1.5,
      2.25,
      3.0
    ],
    "probabilities": [
      [
        1.0,
        0.0,
        0.0,
        0.0,
        0.0,
        0.0,
        0.0,
        0.0
      ],
      [
        0.221214,
        0.098824,
        0.174558,
        0.084445,
        0.047452,
        0.142271,
        0.192148,
        0.039088
      ],
      [
        0.147368,
        0.170051,
        0.104215,
        0.302391,
        0.120114,
        0.133595,
        0.016886,
        0.005379
      ],
      [
        0.30489,
        0.207918,
        0.288513,
        0.022077,
        0.052119,
        0.015961,
        0.008792,
        0.09973
      ],
      [
        0.550602,
        0.220791,
        0.010023,
        0.049408,
        0.018382,
        0.049775,
        0.04383,
        0.05719
      ]
    ],
    "parameters": {
      "n": 8,
      "radius": 0.55,
      "seed": 7
    },
    "description": "Spatially random connections with radius-based edges."
  },
  "complete": {
    "label": "Complete Graph (K6)",
    "nodes": 6,
    "times": [
      0.0,
      0.75,
      1.5,
      2.25,
      3.0
    ],
    "probabilities": [
      [
        1.0,
        0.0,
        0.0,
        0.0,
        0.0,
        0.0
      ],
      [
        0.663668,
        0.067266,
        0.067266,
        0.067266,
        0.067266,
        0.067266
      ],
      [
        0.46913,
        0.106174,
        0.106174,
        0.106174,
        0.106174,
        0.106174
      ],
      [
        0.887478,
        0.022504,
        0.022504,
        0.022504,
        0.022504,
        0.022504
      ],
      [
        0.905644,
        0.018871,
        0.018871,
        0.018871,
        0.018871,
        0.018871
      ]
    ],
    "parameters": {
      "n": 6
    },
    "description": "Fully connected graph reaching fast interference patterns."
  },
  "small_world": {
    "label": "Small-world (n=10, k=4, \u03b2=0.2)",
    "nodes": 10,
    "times": [
      0.0,
      0.75,
      1.5,
      2.25,
      3.0
    ],
    "probabilities": [
      [
        1.0,
        0.0,
        0.0,
        0.0,
        0.0,
        0.0,
        0.0,
        0.0,
        0.0,
        0.0
      ],
      [
        0.165162,
        0.042883,
        0.076136,
        0.361951,
        0.010984,
        0.038929,
        0.025448,
        0.124025,
        0.047528,
        0.106955
      ],
      [
        0.001094,
        0.084528,
        0.00537,
        0.181269,
        0.175595,
        0.222124,
        0.057314,
        0.037561,
        0.11528,
        0.119867
      ],
      [
        0.071483,
        0.03276,
        0.063561,
        0.038495,
        0.347988,
        0.122577,
        0.029205,
        0.005209,
        0.118152,
        0.17057
      ],
      [
        0.038682,
        0.020335,
        0.067401,
        0.188967,
        0.039545,
        0.093642,
        0.056319,
        0.203439,
        0.090579,
        0.20109
      ]
    ],
    "parameters": {
      "n": 10,
      "k": 4,
      "beta": 0.2,
      "seed": 3
    },
    "description": "Watts\u2013Strogatz ring with shortcuts creating mixed locality."
  }
}